{"cameraMode":{"drawMode":0,"name":"Shaded","section":"Shading Mode"},"sceneLighting":true,"audioPlay":false,"sceneViewState":{"showFog":true,"showMaterialUpdate":false,"showSkybox":true,"showFlares":true,"showImageEffects":true,"showParticleSystems":true},"in2DMode":false,"pivot":{"x":2.9554126262664797,"y":-14.281116485595704,"z":-12.905794143676758},"rotation":{"x":0.5503143072128296,"y":-0.014056729152798653,"z":0.0036711515858769418,"w":0.8356231451034546},"size":11.903072357177735,"orthographic":false}