{"cameraMode":{"drawMode":0,"name":"Shaded","section":"Shading Mode"},"sceneLighting":true,"audioPlay":false,"sceneViewState":{"showFog":true,"showMaterialUpdate":false,"showSkybox":true,"showFlares":true,"showImageEffects":true,"showParticleSystems":true},"in2DMode":false,"pivot":{"x":293.29998779296877,"y":205.45431518554688,"z":-273.86260986328127},"rotation":{"x":-0.03330481797456741,"y":-0.015033327043056488,"z":0.0005246336804702878,"w":-0.9994065165519714},"size":53.29817199707031,"orthographic":false}