{"cameraMode":{"drawMode":0,"name":"Shaded","section":"Shading Mode"},"sceneLighting":true,"audioPlay":false,"sceneViewState":{"showFog":true,"showMaterialUpdate":true,"showSkybox":true,"showFlares":true,"showImageEffects":true,"showParticleSystems":true},"in2DMode":false,"pivot":{"x":-8.390311241149903,"y":29.97537612915039,"z":-44.75147247314453},"rotation":{"x":0.4301084578037262,"y":0.17605441808700562,"z":-0.08471830934286118,"w":0.8824939727783203},"size":1.5751526355743409,"orthographic":false}