{"cameraMode":{"drawMode":0,"name":"Shaded","section":"Shading Mode"},"sceneLighting":false,"audioPlay":false,"sceneViewState":{"showFog":true,"showMaterialUpdate":true,"showSkybox":false,"showFlares":true,"showImageEffects":true,"showParticleSystems":true},"in2DMode":false,"pivot":{"x":168.1984405517578,"y":43.26268768310547,"z":-40.66798400878906},"rotation":{"x":0.32339948415756228,"y":0.6071848273277283,"z":-0.29581496119499209,"w":0.6639285683631897},"size":160.8143768310547,"orthographic":false}