{"cameraMode":{"drawMode":0,"name":"Shaded","section":"Shading Mode"},"sceneLighting":true,"audioPlay":false,"sceneViewState":{"showFog":true,"showMaterialUpdate":false,"showSkybox":true,"showFlares":true,"showImageEffects":true,"showParticleSystems":true},"in2DMode":false,"pivot":{"x":-16.4329891204834,"y":3.0491909980773927,"z":-3.819636344909668},"rotation":{"x":-0.4446963369846344,"y":-0.09774775803089142,"z":0.04896320030093193,"w":-0.8890420794487},"size":20.485334396362306,"orthographic":false}