{"cameraMode":{"drawMode":0,"name":"Shaded","section":"Shading Mode"},"sceneLighting":false,"audioPlay":false,"sceneViewState":{"showFog":true,"showMaterialUpdate":true,"showSkybox":false,"showFlares":true,"showImageEffects":true,"showParticleSystems":true},"in2DMode":false,"pivot":{"x":142.20530700683595,"y":66.25598907470703,"z":-14.360593795776368},"rotation":{"x":-0.24965091049671174,"y":0.7458505630493164,"z":-0.4863317310810089,"w":-0.38288381695747378},"size":160.514892578125,"orthographic":false}