{"cameraMode":{"drawMode":0,"name":"Shaded","section":"Shading Mode"},"sceneLighting":true,"audioPlay":false,"sceneViewState":{"showFog":true,"showMaterialUpdate":false,"showSkybox":true,"showFlares":true,"showImageEffects":true,"showParticleSystems":true},"in2DMode":false,"pivot":{"x":3.730938196182251,"y":8.840277671813965,"z":11.434952735900879},"rotation":{"x":0.08919128775596619,"y":0.8635057806968689,"z":-0.4683476984500885,"w":0.1662079095840454},"size":1.3509584665298463,"orthographic":false}