{"cameraMode":{"drawMode":0,"name":"Shaded","section":"Shading Mode"},"sceneLighting":true,"audioPlay":false,"sceneViewState":{"showFog":true,"showMaterialUpdate":true,"showSkybox":true,"showFlares":true,"showImageEffects":true,"showParticleSystems":true},"in2DMode":false,"pivot":{"x":269.3474426269531,"y":72.40119934082031,"z":1.53326416015625},"rotation":{"x":-0.012264072895050049,"y":-0.03370590880513191,"z":0.001801762729883194,"w":-1.0001111030578614},"size":520.207275390625,"orthographic":false}