{"cameraMode":{"drawMode":0,"name":"Shaded","section":"Shading Mode"},"sceneLighting":false,"audioPlay":false,"sceneViewState":{"showFog":true,"showMaterialUpdate":false,"showSkybox":false,"showFlares":true,"showImageEffects":true,"showParticleSystems":true},"in2DMode":false,"pivot":{"x":-2.0034165382385256,"y":1.2647500038146973,"z":8.968459129333496},"rotation":{"x":0.23195086419582368,"y":0.04290764406323433,"z":-0.010235772468149662,"w":0.9717440009117127},"size":1.7842007875442505,"orthographic":false}