{"cameraMode":{"drawMode":0,"name":"Shaded","section":"Shading Mode"},"sceneLighting":true,"audioPlay":false,"sceneViewState":{"showFog":true,"showMaterialUpdate":false,"showSkybox":true,"showFlares":true,"showImageEffects":true,"showParticleSystems":true},"in2DMode":false,"pivot":{"x":-21.916330337524415,"y":-25.73212432861328,"z":38.787357330322269},"rotation":{"x":-0.6276351809501648,"y":-0.30699363350868227,"z":0.29578718543052676,"w":-0.6514127850532532},"size":3.86602520942688,"orthographic":false}