{"cameraMode":{"drawMode":0,"name":"Shaded","section":"Shading Mode"},"sceneLighting":true,"audioPlay":false,"sceneViewState":{"showFog":true,"showMaterialUpdate":false,"showSkybox":true,"showFlares":true,"showImageEffects":true,"showParticleSystems":true},"in2DMode":false,"pivot":{"x":518.6298828125,"y":27.377391815185548,"z":-202.42637634277345},"rotation":{"x":-0.006286086514592171,"y":-0.08245044946670532,"z":0.0005873990012332797,"w":-0.9966580271720886},"size":58.266536712646487,"orthographic":false}