{"cameraMode":{"drawMode":0,"name":"Shaded","section":"Shading Mode"},"sceneLighting":true,"audioPlay":false,"sceneViewState":{"showFog":true,"showMaterialUpdate":false,"showSkybox":true,"showFlares":true,"showImageEffects":true,"showParticleSystems":true},"in2DMode":false,"pivot":{"x":-23.550966262817384,"y":0.025994041934609414,"z":-21.581193923950197},"rotation":{"x":-0.0011171736987307668,"y":0.6740301251411438,"z":-0.001694421749562025,"w":0.7391175627708435},"size":0.7509583830833435,"orthographic":false}