{"cameraMode":{"drawMode":0,"name":"Shaded","section":"Shading Mode"},"sceneLighting":true,"audioPlay":false,"sceneViewState":{"showFog":true,"showMaterialUpdate":true,"showSkybox":true,"showFlares":true,"showImageEffects":true,"showParticleSystems":true},"in2DMode":false,"pivot":{"x":16.152265548706056,"y":24.06312370300293,"z":-28.949567794799806},"rotation":{"x":0.3202880024909973,"y":-0.5785642862319946,"z":0.2643413245677948,"w":0.7033895254135132},"size":1.5751526355743409,"orthographic":false}