{"cameraMode":{"drawMode":0,"name":"Shaded","section":"Shading Mode"},"sceneLighting":true,"audioPlay":false,"sceneViewState":{"showFog":true,"showMaterialUpdate":true,"showSkybox":true,"showFlares":true,"showImageEffects":true,"showParticleSystems":true},"in2DMode":false,"pivot":{"x":3.6405482292175295,"y":0.39927908778190615,"z":26.48948097229004},"rotation":{"x":-0.27479004859924319,"y":0.4632551670074463,"z":-0.15323935449123383,"w":-0.8294343948364258},"size":0.49385616183280947,"orthographic":false}