{"cameraMode":{"drawMode":0,"name":"Shaded","section":"Shading Mode"},"sceneLighting":true,"audioPlay":false,"sceneViewState":{"showFog":true,"showMaterialUpdate":true,"showSkybox":true,"showFlares":true,"showImageEffects":true,"showParticleSystems":true},"in2DMode":false,"pivot":{"x":4.681645393371582,"y":-16.915868759155275,"z":-41.83563232421875},"rotation":{"x":-0.3637036681175232,"y":-0.6075470447540283,"z":0.3643440902233124,"w":-0.606170117855072},"size":20.1702938079834,"orthographic":false}