{"cameraMode":{"drawMode":0,"name":"Shaded","section":"Shading Mode"},"sceneLighting":true,"audioPlay":false,"sceneViewState":{"showFog":true,"showMaterialUpdate":true,"showSkybox":true,"showFlares":true,"showImageEffects":true,"showParticleSystems":true},"in2DMode":false,"pivot":{"x":4.567904472351074,"y":0.44027745723724368,"z":-27.467966079711915},"rotation":{"x":0.1782800853252411,"y":-0.7398617267608643,"z":0.21627973020076753,"w":0.6131693124771118},"size":1.5751495361328126,"orthographic":false}