{"cameraMode":{"drawMode":0,"name":"Shaded","section":"Shading Mode"},"sceneLighting":true,"audioPlay":false,"sceneViewState":{"showFog":true,"showMaterialUpdate":true,"showSkybox":true,"showFlares":true,"showImageEffects":true,"showParticleSystems":true},"in2DMode":false,"pivot":{"x":-25.873809814453126,"y":-19.709070205688478,"z":94.23371887207031},"rotation":{"x":-0.08517562597990036,"y":0.09490347653627396,"z":-0.010532794520258904,"w":-0.9927918910980225},"size":61.107643127441409,"orthographic":false}