{"cameraMode":{"drawMode":0,"name":"Shaded","section":"Shading Mode"},"sceneLighting":true,"audioPlay":false,"sceneViewState":{"showFog":true,"showMaterialUpdate":true,"showSkybox":true,"showFlares":true,"showImageEffects":true,"showParticleSystems":true},"in2DMode":false,"pivot":{"x":-40.35908126831055,"y":-0.03762707859277725,"z":-41.62322235107422},"rotation":{"x":-0.11471650749444962,"y":0.7919751405715942,"z":-0.1640680581331253,"w":-0.5785852670669556},"size":2.8156850337982179,"orthographic":false}