{"cameraMode":{"drawMode":0,"name":"Shaded","section":"Shading Mode"},"sceneLighting":true,"audioPlay":false,"sceneViewState":{"showFog":true,"showMaterialUpdate":true,"showSkybox":true,"showFlares":true,"showImageEffects":true,"showParticleSystems":true},"in2DMode":false,"pivot":{"x":-26.985450744628908,"y":0.43511366844177248,"z":-20.864595413208009},"rotation":{"x":-0.3665839731693268,"y":-0.4891471564769745,"z":0.23783700168132783,"w":-0.7560007572174072},"size":1.7668617963790894,"orthographic":false}