{"cameraMode":{"drawMode":0,"name":"Shaded","section":"Shading Mode"},"sceneLighting":false,"audioPlay":false,"sceneViewState":{"showFog":true,"showMaterialUpdate":true,"showSkybox":false,"showFlares":true,"showImageEffects":true,"showParticleSystems":true},"in2DMode":false,"pivot":{"x":0.020758531987667085,"y":0.024751830846071245,"z":-0.011652901768684388},"rotation":{"x":-0.0022905271034687759,"y":-0.9914429187774658,"z":0.13500253856182099,"w":-0.024373767897486688},"size":0.04501764103770256,"orthographic":false}