{"cameraMode":{"drawMode":0,"name":"Shaded","section":"Shading Mode"},"sceneLighting":false,"audioPlay":false,"sceneViewState":{"showFog":true,"showMaterialUpdate":true,"showSkybox":false,"showFlares":true,"showImageEffects":true,"showParticleSystems":true},"in2DMode":false,"pivot":{"x":2.4914159774780275,"y":-0.3999999761581421,"z":24.749969482421876},"rotation":{"x":0.044981036335229877,"y":-0.9173986315727234,"z":0.38236743211746218,"w":0.1099095419049263},"size":1.9474564790725709,"orthographic":false}