{"cameraMode":{"drawMode":0,"name":"Shaded","section":"Shading Mode"},"sceneLighting":true,"audioPlay":false,"sceneViewState":{"showFog":true,"showMaterialUpdate":true,"showSkybox":true,"showFlares":true,"showImageEffects":true,"showParticleSystems":true},"in2DMode":false,"pivot":{"x":-37.2143669128418,"y":-4.344001770019531,"z":-78.84844207763672},"rotation":{"x":-0.005145646166056395,"y":-0.9945286512374878,"z":0.05861035734415054,"w":-0.09656631946563721},"size":21.26688003540039,"orthographic":false}