{"cameraMode":{"drawMode":0,"name":"Shaded","section":"Shading Mode"},"sceneLighting":true,"audioPlay":false,"sceneViewState":{"showFog":true,"showMaterialUpdate":true,"showSkybox":true,"showFlares":true,"showImageEffects":true,"showParticleSystems":true},"in2DMode":false,"pivot":{"x":221.9773406982422,"y":235.57569885253907,"z":-27.750747680664064},"rotation":{"x":-0.2920159101486206,"y":0.34796077013015749,"z":-0.11323782056570053,"w":-0.8845083117485046},"size":158.89382934570313,"orthographic":false}