{"cameraMode":{"drawMode":0,"name":"Shaded","section":"Shading Mode"},"sceneLighting":true,"audioPlay":false,"sceneViewState":{"showFog":true,"showMaterialUpdate":false,"showSkybox":true,"showFlares":true,"showImageEffects":true,"showParticleSystems":true},"in2DMode":false,"pivot":{"x":293.6087951660156,"y":198.5048065185547,"z":-130.2606658935547},"rotation":{"x":-0.09459459781646729,"y":0.04679451882839203,"z":-0.0042653148993849758,"w":-0.9946159720420837},"size":66.63482666015625,"orthographic":false}