{"cameraMode":{"drawMode":0,"name":"Shaded","section":"Shading Mode"},"sceneLighting":true,"audioPlay":false,"sceneViewState":{"showFog":true,"showMaterialUpdate":false,"showSkybox":true,"showFlares":true,"showImageEffects":true,"showParticleSystems":true},"in2DMode":false,"pivot":{"x":-0.1733192652463913,"y":3.815138101577759,"z":-49.718421936035159},"rotation":{"x":0.27493101358413699,"y":-0.626007080078125,"z":0.25087645649909975,"w":0.6854678392410278},"size":11.925186157226563,"orthographic":false}