{"cameraMode":{"drawMode":0,"name":"Shaded","section":"Shading Mode"},"sceneLighting":false,"audioPlay":false,"sceneViewState":{"showFog":true,"showMaterialUpdate":false,"showSkybox":false,"showFlares":true,"showImageEffects":true,"showParticleSystems":true},"in2DMode":false,"pivot":{"x":3.497999906539917,"y":0.1959719955921173,"z":6.068999767303467},"rotation":{"x":-0.3235791027545929,"y":-0.13983677327632905,"z":0.04845473915338516,"w":-0.9345968961715698},"size":0.14502811431884767,"orthographic":false}