{"cameraMode":{"drawMode":0,"name":"Shaded","section":"Shading Mode"},"sceneLighting":true,"audioPlay":false,"sceneViewState":{"showFog":true,"showMaterialUpdate":false,"showSkybox":true,"showFlares":true,"showImageEffects":true,"showParticleSystems":true},"in2DMode":false,"pivot":{"x":-36.02195739746094,"y":52.389869689941409,"z":-87.0016860961914},"rotation":{"x":0.13313141465187074,"y":0.5686912536621094,"z":-0.09425961971282959,"w":0.8065111041069031},"size":2.2151670455932619,"orthographic":false}