{"cameraMode":{"drawMode":0,"name":"Shaded","section":"Shading Mode"},"sceneLighting":true,"audioPlay":false,"sceneViewState":{"showFog":true,"showMaterialUpdate":false,"showSkybox":true,"showFlares":true,"showImageEffects":true,"showParticleSystems":true},"in2DMode":false,"pivot":{"x":-16.076086044311525,"y":-9.771275520324707,"z":33.86643981933594},"rotation":{"x":0.16993559896945954,"y":-0.5765084624290466,"z":0.12382180243730545,"w":0.7897478342056274},"size":11.925186157226563,"orthographic":false}