{"cameraMode":{"drawMode":0,"name":"Shaded","section":"Shading Mode"},"sceneLighting":true,"audioPlay":false,"sceneViewState":{"showFog":true,"showMaterialUpdate":true,"showSkybox":true,"showFlares":true,"showImageEffects":true,"showParticleSystems":true},"in2DMode":false,"pivot":{"x":-12.227046012878418,"y":3.468013286590576,"z":16.853744506835939},"rotation":{"x":0.06782945990562439,"y":-0.8921875357627869,"z":0.42620566487312319,"w":0.1396668404340744},"size":20.40468406677246,"orthographic":false}