{"cameraMode":{"drawMode":0,"name":"Shaded","section":"Shading Mode"},"sceneLighting":true,"audioPlay":false,"sceneViewState":{"showFog":true,"showMaterialUpdate":true,"showSkybox":true,"showFlares":true,"showImageEffects":true,"showParticleSystems":true},"in2DMode":false,"pivot":{"x":-0.77333003282547,"y":3.9641594886779787,"z":26.498886108398439},"rotation":{"x":0.3315652012825012,"y":0.5922383666038513,"z":-0.2907400131225586,"w":0.6755417585372925},"size":1.0938560962677003,"orthographic":false}