{"cameraMode":{"drawMode":0,"name":"Shaded","section":"Shading Mode"},"sceneLighting":true,"audioPlay":false,"sceneViewState":{"showFog":true,"showMaterialUpdate":false,"showSkybox":true,"showFlares":true,"showImageEffects":true,"showParticleSystems":true},"in2DMode":false,"pivot":{"x":1.4856486320495606,"y":-0.16719771921634675,"z":118.97010040283203},"rotation":{"x":0.007188068237155676,"y":0.008961561135947705,"z":0.00007850377005524933,"w":-0.9999844431877136},"size":0.5358459949493408,"orthographic":false}