{"cameraMode":{"drawMode":0,"name":"Shaded","section":"Shading Mode"},"sceneLighting":false,"audioPlay":false,"sceneViewState":{"showFog":true,"showMaterialUpdate":true,"showSkybox":false,"showFlares":true,"showImageEffects":true,"showParticleSystems":true},"in2DMode":false,"pivot":{"x":0.018884271383285524,"y":-0.15176323056221009,"z":-17.199705123901368},"rotation":{"x":-0.05671165883541107,"y":-0.9327040314674377,"z":0.31386151909828188,"w":-0.17358320951461793},"size":0.8103134632110596,"orthographic":false}