{"cameraMode":{"drawMode":0,"name":"Shaded","section":"Shading Mode"},"sceneLighting":true,"audioPlay":false,"sceneViewState":{"showFog":true,"showMaterialUpdate":true,"showSkybox":true,"showFlares":true,"showImageEffects":true,"showParticleSystems":true},"in2DMode":false,"pivot":{"x":2.2018091678619386,"y":1.1180131435394288,"z":26.40262222290039},"rotation":{"x":-0.08381155133247376,"y":-0.9212989807128906,"z":0.2690184712409973,"w":-0.2717597782611847},"size":2.8156850337982179,"orthographic":false}