{"cameraMode":{"drawMode":0,"name":"Shaded","section":"Shading Mode"},"sceneLighting":true,"audioPlay":false,"sceneViewState":{"showFog":true,"showMaterialUpdate":true,"showSkybox":true,"showFlares":true,"showImageEffects":true,"showParticleSystems":true},"in2DMode":false,"pivot":{"x":-3.065068006515503,"y":10.08665657043457,"z":-5.769147872924805},"rotation":{"x":-0.03247693181037903,"y":0.9167822599411011,"z":-0.39329031109809878,"w":-0.07362809032201767},"size":0.6952511072158814,"orthographic":false}