{"cameraMode":{"drawMode":0,"name":"Shaded","section":"Shading Mode"},"sceneLighting":true,"audioPlay":false,"sceneViewState":{"showFog":true,"showMaterialUpdate":true,"showSkybox":true,"showFlares":true,"showImageEffects":true,"showParticleSystems":true},"in2DMode":false,"pivot":{"x":236.29666137695313,"y":-188.25247192382813,"z":-167.00735473632813},"rotation":{"x":0.14013080298900605,"y":0.8425728678703308,"z":-0.24776950478553773,"w":0.4594239890575409},"size":180.6710205078125,"orthographic":false}