{"cameraMode":{"drawMode":0,"name":"Shaded","section":"Shading Mode"},"sceneLighting":true,"audioPlay":false,"sceneViewState":{"showFog":true,"showMaterialUpdate":false,"showSkybox":true,"showFlares":true,"showImageEffects":true,"showParticleSystems":true},"in2DMode":false,"pivot":{"x":20.61048126220703,"y":-26.344783782958986,"z":16.243520736694337},"rotation":{"x":0.2738969624042511,"y":0.7031060457229614,"z":-0.3452710211277008,"w":0.5583535432815552},"size":20.485334396362306,"orthographic":false}