{"cameraMode":{"drawMode":0,"name":"Shaded","section":"Shading Mode"},"sceneLighting":true,"audioPlay":false,"sceneViewState":{"showFog":true,"showMaterialUpdate":true,"showSkybox":true,"showFlares":true,"showImageEffects":true,"showParticleSystems":true},"in2DMode":false,"pivot":{"x":2.380000114440918,"y":-0.3500000238418579,"z":23.93000030517578},"rotation":{"x":-0.31312909722328188,"y":-0.37963008880615237,"z":0.139947310090065,"w":-0.8600918054580689},"size":14.27608585357666,"orthographic":false}