{"cameraMode":{"drawMode":0,"name":"Shaded","section":"Shading Mode"},"sceneLighting":true,"audioPlay":false,"sceneViewState":{"showFog":true,"showMaterialUpdate":false,"showSkybox":false,"showFlares":true,"showImageEffects":true,"showParticleSystems":true},"in2DMode":false,"pivot":{"x":-63.38064193725586,"y":7.683243751525879,"z":-82.06085205078125},"rotation":{"x":0.16346578299999238,"y":0.3870279788970947,"z":-0.07417024672031403,"w":0.9052624106407166},"size":2.215589761734009,"orthographic":false}