{"cameraMode":{"drawMode":0,"name":"Shaded","section":"Shading Mode"},"sceneLighting":true,"audioPlay":false,"sceneViewState":{"showFog":true,"showMaterialUpdate":false,"showSkybox":true,"showFlares":true,"showImageEffects":true,"showParticleSystems":true},"in2DMode":false,"pivot":{"x":7.368889331817627,"y":-64.90666961669922,"z":128.85293579101563},"rotation":{"x":-0.34970203042030337,"y":-0.016302991658449174,"z":0.006086136680096388,"w":-0.9367000460624695},"size":80.29560852050781,"orthographic":false}