{"cameraMode":{"drawMode":0,"name":"Shaded","section":"Shading Mode"},"sceneLighting":true,"audioPlay":false,"sceneViewState":{"showFog":true,"showMaterialUpdate":true,"showSkybox":true,"showFlares":true,"showImageEffects":true,"showParticleSystems":true},"in2DMode":false,"pivot":{"x":0.24056895077228547,"y":2.59893798828125,"z":29.516250610351564},"rotation":{"x":0.10182949900627136,"y":0.8958503007888794,"z":-0.34221982955932619,"w":0.2674504816532135},"size":0.49385616183280947,"orthographic":false}