{"cameraMode":{"drawMode":0,"name":"Shaded","section":"Shading Mode"},"sceneLighting":true,"audioPlay":false,"sceneViewState":{"showFog":true,"showMaterialUpdate":false,"showSkybox":true,"showFlares":true,"showImageEffects":true,"showParticleSystems":true},"in2DMode":false,"pivot":{"x":-1.9617177248001099,"y":-10.099122047424317,"z":-23.754838943481447},"rotation":{"x":0.015384925529360772,"y":-0.9727529287338257,"z":0.2259158045053482,"w":0.05811414122581482},"size":15.53885269165039,"orthographic":false}