{"cameraMode":{"drawMode":0,"name":"Shaded","section":"Shading Mode"},"sceneLighting":true,"audioPlay":false,"sceneViewState":{"showFog":true,"showMaterialUpdate":false,"showSkybox":true,"showFlares":true,"showImageEffects":true,"showParticleSystems":true},"in2DMode":false,"pivot":{"x":6.883507251739502,"y":-15.136234283447266,"z":4.402873992919922},"rotation":{"x":-0.5455331206321716,"y":-0.11976412683725357,"z":0.0791112408041954,"w":-0.8257816433906555},"size":22.440153121948243,"orthographic":false}