{"cameraMode":{"drawMode":0,"name":"Shaded","section":"Shading Mode"},"sceneLighting":true,"audioPlay":false,"sceneViewState":{"showFog":true,"showMaterialUpdate":false,"showSkybox":true,"showFlares":true,"showImageEffects":true,"showParticleSystems":true},"in2DMode":false,"pivot":{"x":23.402856826782228,"y":-4.816187858581543,"z":16.919179916381837},"rotation":{"x":0.09655720740556717,"y":0.5288801789283752,"z":-0.060740403831005099,"w":0.8411047458648682},"size":20.827295303344728,"orthographic":false}