{"cameraMode":{"drawMode":0,"name":"Shaded","section":"Shading Mode"},"sceneLighting":true,"audioPlay":false,"sceneViewState":{"showFog":true,"showMaterialUpdate":false,"showSkybox":true,"showFlares":true,"showImageEffects":true,"showParticleSystems":true},"in2DMode":false,"pivot":{"x":4.366024971008301,"y":2.863830804824829,"z":0.4855019152164459},"rotation":{"x":-0.17773163318634034,"y":-0.2961552143096924,"z":0.05752553790807724,"w":-0.9372539520263672},"size":2.7570910453796388,"orthographic":false}