{"cameraMode":{"drawMode":0,"name":"Shaded","section":"Shading Mode"},"sceneLighting":true,"audioPlay":false,"sceneViewState":{"showFog":true,"showMaterialUpdate":false,"showSkybox":true,"showFlares":true,"showImageEffects":true,"showParticleSystems":true},"in2DMode":false,"pivot":{"x":1.1138710975646973,"y":-1.8399062156677247,"z":8.083158493041993},"rotation":{"x":-0.29411348700523379,"y":-0.3908916115760803,"z":0.13338665664196015,"w":-0.862023651599884},"size":5.615249156951904,"orthographic":false}