{"cameraMode":{"drawMode":0,"name":"Shaded","section":"Shading Mode"},"sceneLighting":true,"audioPlay":false,"sceneViewState":{"showFog":true,"showMaterialUpdate":false,"showSkybox":true,"showFlares":true,"showImageEffects":true,"showParticleSystems":true},"in2DMode":false,"pivot":{"x":2.217337131500244,"y":1.2468820810317994,"z":7.440847396850586},"rotation":{"x":-0.012969905510544777,"y":0.7558079957962036,"z":-0.014973166398704052,"w":-0.6545140147209168},"size":1.7842026948928834,"orthographic":false}