{"cameraMode":{"drawMode":0,"name":"Shaded","section":"Shading Mode"},"sceneLighting":true,"audioPlay":false,"sceneViewState":{"showFog":true,"showMaterialUpdate":false,"showSkybox":true,"showFlares":true,"showImageEffects":true,"showParticleSystems":true},"in2DMode":false,"pivot":{"x":20.246686935424806,"y":-11.466446876525879,"z":15.44437313079834},"rotation":{"x":-0.26702091097831728,"y":-0.4578644335269928,"z":0.14619365334510804,"w":-0.8353667259216309},"size":20.485334396362306,"orthographic":false}