{"cameraMode":{"drawMode":0,"name":"Shaded","section":"Shading Mode"},"sceneLighting":true,"audioPlay":false,"sceneViewState":{"showFog":true,"showMaterialUpdate":false,"showSkybox":true,"showFlares":true,"showImageEffects":true,"showParticleSystems":true},"in2DMode":false,"pivot":{"x":-4.371983528137207,"y":10.270739555358887,"z":-7.765076637268066},"rotation":{"x":-0.43355172872543337,"y":-0.03758474439382553,"z":0.01808159239590168,"w":-0.9002497792243958},"size":0.43301257491111758,"orthographic":false}