{"cameraMode":{"drawMode":0,"name":"Shaded","section":"Shading Mode"},"sceneLighting":true,"audioPlay":false,"sceneViewState":{"showFog":true,"showMaterialUpdate":false,"showSkybox":true,"showFlares":true,"showImageEffects":true,"showParticleSystems":true},"in2DMode":false,"pivot":{"x":12.703225135803223,"y":-13.17282485961914,"z":24.04807472229004},"rotation":{"x":0.23593762516975404,"y":0.2449355572462082,"z":-0.06155053898692131,"w":0.9384108185768127},"size":20.075529098510743,"orthographic":false}