{"cameraMode":{"drawMode":0,"name":"Shaded","section":"Shading Mode"},"sceneLighting":true,"audioPlay":false,"sceneViewState":{"showFog":true,"showMaterialUpdate":false,"showSkybox":true,"showFlares":true,"showImageEffects":true,"showParticleSystems":true},"in2DMode":false,"pivot":{"x":-6.342729568481445,"y":0.10961294174194336,"z":-20.136579513549806},"rotation":{"x":0.09270894527435303,"y":-0.0980658158659935,"z":0.009438755922019482,"w":0.9909399747848511},"size":21.82816505432129,"orthographic":false}