{"cameraMode":{"drawMode":0,"name":"Shaded","section":"Shading Mode"},"sceneLighting":true,"audioPlay":false,"sceneViewState":{"showFog":true,"showMaterialUpdate":false,"showSkybox":true,"showFlares":true,"showImageEffects":true,"showParticleSystems":true},"in2DMode":false,"pivot":{"x":65.0499267578125,"y":88.22283172607422,"z":23.389923095703126},"rotation":{"x":0.21988868713378907,"y":0.02274378202855587,"z":0.006703306455165148,"w":-0.9757356643676758},"size":78.25672149658203,"orthographic":false}