{"cameraMode":{"drawMode":0,"name":"Shaded","section":"Shading Mode"},"sceneLighting":true,"audioPlay":false,"sceneViewState":{"showFog":true,"showMaterialUpdate":false,"showSkybox":true,"showFlares":true,"showImageEffects":true,"showParticleSystems":true},"in2DMode":false,"pivot":{"x":0.8619875907897949,"y":-1.9258785247802735,"z":12.754228591918946},"rotation":{"x":-0.1733611673116684,"y":0.05168107897043228,"z":-0.007557187229394913,"w":-0.9840087890625},"size":9.051695823669434,"orthographic":false}