{"cameraMode":{"drawMode":0,"name":"Shaded","section":"Shading Mode"},"sceneLighting":true,"audioPlay":false,"sceneViewState":{"showFog":true,"showMaterialUpdate":false,"showSkybox":true,"showFlares":true,"showImageEffects":true,"showParticleSystems":true},"in2DMode":false,"pivot":{"x":8.874300003051758,"y":5.477612018585205,"z":-1.2435245513916016},"rotation":{"x":-0.07544571906328201,"y":0.7294042110443115,"z":-0.0815286859869957,"w":-0.6750252842903137},"size":2.900564193725586,"orthographic":false}