{"cameraMode":{"drawMode":0,"name":"Shaded","section":"Shading Mode"},"sceneLighting":false,"audioPlay":false,"sceneViewState":{"showFog":true,"showMaterialUpdate":false,"showSkybox":false,"showFlares":true,"showImageEffects":true,"showParticleSystems":true},"in2DMode":false,"pivot":{"x":-4.904975891113281,"y":4.89279317855835,"z":11.817889213562012},"rotation":{"x":0.2107015997171402,"y":-0.4200384318828583,"z":0.10095290839672089,"w":0.8769544959068298},"size":20.479215621948243,"orthographic":false}