{"cameraMode":{"drawMode":0,"name":"Shaded","section":"Shading Mode"},"sceneLighting":false,"audioPlay":false,"sceneViewState":{"showFog":true,"showMaterialUpdate":false,"showSkybox":false,"showFlares":true,"showImageEffects":true,"showParticleSystems":true},"in2DMode":false,"pivot":{"x":-16.4329891204834,"y":3.0491909980773927,"z":-3.819636344909668},"rotation":{"x":0.32314833998680117,"y":-0.08128813654184342,"z":0.027978440746665,"w":0.9425104260444641},"size":20.485334396362306,"orthographic":false}