{"cameraMode":{"drawMode":0,"name":"Shaded","section":"Shading Mode"},"sceneLighting":true,"audioPlay":false,"sceneViewState":{"showFog":true,"showMaterialUpdate":false,"showSkybox":true,"showFlares":true,"showImageEffects":true,"showParticleSystems":true},"in2DMode":false,"pivot":{"x":-20.852567672729493,"y":5.512014389038086,"z":2.3689942359924318},"rotation":{"x":-0.049790967255830768,"y":-0.7479262948036194,"z":0.0584438256919384,"w":-0.6599769592285156},"size":1.4517784118652344,"orthographic":false}