{"cameraMode":{"drawMode":0,"name":"Shaded","section":"Shading Mode"},"sceneLighting":true,"audioPlay":false,"sceneViewState":{"showFog":true,"showMaterialUpdate":false,"showSkybox":true,"showFlares":true,"showImageEffects":true,"showParticleSystems":true},"in2DMode":false,"pivot":{"x":51.686279296875,"y":-23.99251937866211,"z":-7.059134483337402},"rotation":{"x":0.13011428713798524,"y":0.7477161884307861,"z":-0.15375904738903047,"w":0.6327398419380188},"size":36.4697151184082,"orthographic":false}